Name,Party,Tweets Published,Campaign Spending (PLN),Cities Visited,AI Implementation Stance
John Doe,The Good Party,500,10000,10,I believe AI can revolutionize education by providing personalized learning experiences for every student.
Jane Smith,The Pretty Party,700,15000,8,"I support AI integration in education, but with careful monitoring to ensure student privacy and equal access."
Michael Johnson,The Relaxed Party,300,8000,12,"I think AI in education has potential, but it should be used as a supplement to traditional teaching methods, not a replacement."
Emily Brown,The Fourth Party,600,12000,15,"I advocate for responsible AI implementation in education, emphasizing teacher training and curriculum development."
Alice Lee,The Good Party,550,11000,9,"I am enthusiastic about AI in education, emphasizing its role in enhancing student engagement and understanding."
David Clark,The Pretty Party,750,16000,7,I believe AI can transform education by enabling adaptive learning experiences tailored to individual student needs.
Sarah White,The Relaxed Party,400,9000,11,"I support AI integration in education to enhance efficiency, but it should prioritize human interaction and creativity."
Mark Davis,The Fourth Party,650,13000,14,"I advocate for AI in education, focusing on its ability to provide personalized learning paths and assist teachers in classroom management."
John Doe,The Good Party,500,10000,10,I believe AI can revolutionize education by providing personalized learning experiences for every student.
Jane Smith,The Pretty Party,700,15000,8,"I support AI integration in education, but with careful monitoring to ensure student privacy and equal access."
Michael Johnson,The Relaxed Party,300,8000,12,"I think AI in education has potential, but it should be used as a supplement to traditional teaching methods, not a replacement."
Emily Brown,The Fourth Party,600,12000,15,"I advocate for responsible AI implementation in education, emphasizing teacher training and curriculum development."
Alice Lee,The Good Party,550,11000,9,"I am enthusiastic about AI in education, emphasizing its role in enhancing student engagement and understanding."
David Clark,The Pretty Party,750,16000,7,I believe AI can transform education by enabling adaptive learning experiences tailored to individual student needs.
Sarah White,The Relaxed Party,400,9000,11,"I support AI integration in education to enhance efficiency, but it should prioritize human interaction and creativity."
Mark Davis,The Fourth Party,650,13000,14,"I advocate for AI in education, focusing on its ability to provide personalized learning paths and assist teachers in classroom management."
Eva Johnson,The Pretty Party,720,15500,10,"I am optimistic about AI in education, emphasizing its potential to bridge learning gaps and provide equal educational opportunities."
Daniel Lee,The Good Party,480,9500,13,"I support AI integration in education, emphasizing its role in creating interactive and engaging learning environments."
Sophia Miller,The Fourth Party,680,14000,12,I believe AI can enhance education by offering tailored support to students and aiding educators in identifying learning challenges.
Oliver Clark,The Relaxed Party,350,8500,9,"I support AI implementation in education, focusing on its ability to assist teachers in providing personalized learning experiences for students."
Ava Martinez,The Pretty Party,700,14500,11,"I advocate for AI in education, emphasizing its potential to improve student outcomes by providing adaptive and personalized learning experiences."
Liam Johnson,The Good Party,510,10200,8,I believe AI can revolutionize education by catering to individual student needs and enhancing overall learning experiences.
Emma Davis,The Fourth Party,670,13700,10,"I support AI integration in education, emphasizing its role in fostering creativity and critical thinking skills among students."
Sophie Brown,The Pretty Party,730,15800,9,"I am optimistic about AI in education, focusing on its potential to create inclusive and diverse learning environments for all students."
Mia White,The Relaxed Party,380,9200,14,"I support AI implementation in education, emphasizing its potential to automate administrative tasks and provide valuable data for educators."
Noah Smith,The Good Party,490,9700,12,I believe AI can enhance education by providing personalized feedback to students and supporting teachers in their instructional methods.
Lucas Martin,The Fourth Party,660,13500,8,"I advocate for AI in education, emphasizing its potential to cater to different learning styles and abilities among students."
Ella Davis,The Pretty Party,710,15300,11,"I support AI integration in education, focusing on its role in creating interactive and engaging learning materials for students."
Benjamin Lee,The Relaxed Party,420,8800,10,"I am optimistic about AI in education, emphasizing its potential to provide individualized support for students with diverse learning needs."
Amelia Wilson,The Good Party,530,10600,13,I believe AI can revolutionize education by offering real-time feedback to students and enhancing teacher-student interactions.
Sophia Johnson,The Good Party,550,11000,9,"I advocate for AI in education, emphasizing its role in personalized learning plans tailored to each student's strengths and weaknesses."
Ethan Clark,The Pretty Party,680,14500,11,"I support AI integration in education, focusing on its potential to improve educational outcomes through data-driven insights and adaptive teaching methods."
Lily Martinez,The Relaxed Party,420,9500,10,"I believe AI in education should prioritize inclusivity and accessibility, ensuring that all students, regardless of their abilities, can benefit from technological advancements."
Jackson Brown,The Fourth Party,620,13000,12,"I advocate for AI in education, emphasizing its potential to enhance teacher training programs and provide valuable resources for professional development."
Ava Martin,The Good Party,520,10500,8,"I support AI integration in education, focusing on its ability to create interactive learning experiences that engage students and foster a love for learning."
Noah Wilson,The Pretty Party,720,15500,9,"I believe AI can optimize classroom management, allowing teachers to focus on individualized instruction and mentorship for students."
Emma Davis,The Relaxed Party,380,8700,13,"I support AI in education, emphasizing the importance of data privacy and security while harnessing the power of technology for personalized learning experiences."
Liam Smith,The Fourth Party,650,13800,10,"I advocate for AI in education, emphasizing the need for continuous research and development to ensure that AI technologies align with educational goals and student needs."
Olivia White,The Good Party,560,11200,7,I believe AI can enhance education by fostering collaboration and communication skills among students through interactive digital platforms.
Aiden Lee,The Pretty Party,700,14800,8,"I support AI integration in education, focusing on its potential to address learning gaps and provide additional support for students with diverse educational backgrounds."
Zoe Martin,The Relaxed Party,430,9800,11,"I advocate for AI in education, emphasizing its role in personalized assessments and feedback to help students progress at their own pace."
Elijah Brown,The Fourth Party,630,13400,12,I believe AI can revolutionize education by empowering educators with valuable insights and tools to create dynamic and inclusive learning environments.
Mia Davis,The Good Party,540,10800,9,"I support AI integration in education, emphasizing its potential to enhance teacher effectiveness and student engagement through adaptive learning platforms."
Logan Wilson,The Pretty Party,740,16000,10,"I advocate for AI in education, focusing on its ability to facilitate collaboration between students and teachers, fostering a supportive and interactive learning atmosphere."
Aria Martinez,The Relaxed Party,400,9200,12,"I believe AI in education should prioritize digital literacy skills, ensuring that students can critically evaluate and engage with technology for meaningful learning experiences."
Ethan Lee,The Fourth Party,670,14200,11,"I support AI integration in education, emphasizing the importance of ethics and equity to avoid perpetuating biases in educational technologies."
Isabella Smith,The Good Party,590,11800,8,"I advocate for AI in education, focusing on its potential to provide personalized resources and tutoring for students, catering to individual learning styles and preferences."
Olivia Davis,The Pretty Party,760,16500,9,"I support AI integration in education, emphasizing its role in fostering creativity and innovation, preparing students for future careers in a rapidly changing technological landscape."
